,Nazwa,Kod,Jm,Ilość,Asortyment,Size,Cena sprz,Kolor
,Klucz do skrzynki Siso Biały,,,10,Skrzynka-Szafka,Nacinany symetrycznie,15,
,Klucz do skrzynki Euro Locks typ - 1,,,8,Skrzynka-Szafka,Nacinany symetrycznie,15,
,Klucz do skrzynki EU 9,,,5,Skrzynka-Szafka,Nacinany symetrycznie,15,
,Klucz do skrzynki EU 3K,,,10,Skrzynka-Szafka,Nacinany symetrycznie,15,
,Klucz do skrzynki EU 1R,,,5,Skrzynka-Szafka,Nacinany symetrycznie,15,
,Klucz do skrzynki EU 18R,,,3,Skrzynka-Szafka,Nacinany symetrycznie,15,
,Klucz do skrzynki 13R,,,29,Skrzynka-Szafka,Nacinany symetrycznie,15,
,Klucz do skrzynki EU DEN,,,8,Skrzynka-Szafka,Nacinany symetrycznie,15,
,Klucz do skrzynki EU 11R,,,29,Skrzynka-Szafka,Nacinany symetrycznie,15,
,Klucz do skrzynki Siso Czarny,,,9,Skrzynka-Szafka,Nacinany symetrycznie,15,
,Klucz do skrzynki Euro Locks typ - 2,,,5,Skrzynka-Szafka,Nacinany symetrycznie,15,
,Klucz do skrzynki LF 23R,,,1,Skrzynka-Szafka,Nacinany symetrycznie,15,
,Klucz do skrzynki FRT 5R,,,7,Skrzynka-Szafka,Nacinany symetrycznie,15,
,Klucz do skrzynki LS 11,,,3,Skrzynka-Szafka,Nacinany symetrycznie,15,
,Klucz do skrzynki SIS W,,,1,Skrzynka-Szafka,Nacinany symetrycznie,15,
,Klucz do skrzynki SIS S,,,3,Skrzynka-Szafka,Nacinany symetrycznie,15,
,Klucz do skrzynki LS 11R,,,7,Skrzynka-Szafka,Nacinany symetrycznie,15,
,Klucz do skrzynki MRT 1R,,,3,Skrzynka-Szafka,Nacinany symetrycznie,15,
,Klucz do skrzynki EU 5R,,,15,Skrzynka-Szafka,Nacinany symetrycznie,15,
,Klucz do skrzynki LF 4,,,4,Nacinane,Dwa rowki - lewy - Mały,15,
,Klucz do skrzynki FHR R,,,17,Skrzynka-Szafka,Nacinany symetrycznie,15,
,Klucz do skrzynki UNE,,,6,Skrzynka-Szafka,Nacinany symetrycznie,15,
,Klucz do skrzynki FHK,,,1,Skrzynka-Szafka,Nacinany symetrycznie,15,
,Klucz do skrzynki LS 13,,,3,Skrzynka-Szafka,Nacinany symetrycznie,15,
